Feature,Mean_Absolute_SHAP,Relative_Importance_%
targeted_productivity,0.05471598527649483,27.233193299316955
incentive_per_worker,0.030762060980126526,15.310866627435946
no_of_workers,0.021179252396428736,10.541319351782578
smv,0.01730454237917374,8.612802002684687
smv_per_worker,0.015137466259077461,7.534206733410274
workload_intensity,0.012978715309388655,6.459755060816261
day_of_month,0.006161806348334197,3.0668489749234276
team_11,0.00553245882865326,2.7536106667890152
log_wip,0.0054819135291953106,2.728453303660958
week_of_year,0.004330137076363343,2.155192114648811
overtime_fatigue_penalty,0.0027476719465265855,1.367568926425125
idle_men,0.0026656326522186222,1.3267363991711911
team_9,0.0025982547952240814,1.2932011499318008
overtime_per_worker,0.002461159522740256,1.2249662084040565
team_8,0.002285427232776754,1.1375008836488874
team_10,0.002047046704593062,1.0188543314573368
team_7,0.001872799061919473,0.9321279440789362
quarter_Quarter4,0.0016412161422488208,0.8168646917708333
team_2,0.0011158022073615619,0.5553561183871378
department_sewing,0.0010485729240193808,0.5218948170986699
quarter_Quarter2,0.0009674006779672706,0.4814938363595647
team_3,0.0009458080000688396,0.47074674722123794
team_5,0.0007417646415608136,0.36919046169314024
idle_time,0.0006004608117002831,0.29886084059466517
day_of_week_Wednesday,0.00045130112753922206,0.22462121042632652
day_of_week_Sunday,0.0004203953949654787,0.20923883569644447
day_of_week_Tuesday,0.00039039573886347076,0.19430743257155222
day_of_week_Saturday,0.0003840137353715034,0.19113098726301225
quarter_Quarter3,0.00036937733742715625,0.18384617182178575
day_of_week_Thursday,0.0003455404339916245,0.17198208867247153
team_4,0.0002935148527552524,0.1460879609662839
no_of_style_change,0.0002227069867696814,0.11084553059145222
team_12,0.00019542951037336955,0.09726900841672616
has_style_change,0.00018713468396416272,0.09314051452513851
quarter_Quarter5,0.00018703314815093103,0.09308997820719471
team_6,0.00014632507139174646,0.07282878913010522
