Feature,Coefficient,Std_Error,t_stat,p_value,CI_Lower,CI_Upper,Significance
incentive_per_worker,0.08948927327852474,0.008494850978988694,10.534531270750835,1.4064156048506491e-24,0.07281773850361975,0.10616080805342973,*** (p < 0.001)
no_of_workers,0.14198609746425997,0.024923266625667836,5.696929684090131,1.6413355979058133e-08,0.09307304327628452,0.19089915165223542,*** (p < 0.001)
smv,-0.22037679929202575,0.03938998740238487,-5.5947415529938205,2.914307560080318e-08,-0.29768145671170276,-0.14307214187234873,*** (p < 0.001)
department_sewing,-0.3784788989533069,0.07000340205247482,-5.406578649843298,8.189503216967202e-08,-0.515863787112749,-0.24109401079386475,*** (p < 0.001)
team_11,-0.10781817271434696,0.022905962561255083,-4.7069915715622,2.900430870475261e-06,-0.15277217512559327,-0.06286417030310065,*** (p < 0.001)
workload_intensity,0.16653267423880336,0.035489899354650294,4.692396351272897,3.1100680218647775e-06,0.09688211854190183,0.2361832299357049,*** (p < 0.001)
team_7,-0.09281727575211546,0.02167134219082643,-4.28295003303512,2.038128540651534e-05,-0.13534827904421093,-0.050286272460019994,*** (p < 0.001)
team_8,-0.08590357454284603,0.02087472298551022,-4.1151959047540085,4.2156101288904084e-05,-0.1268711760970375,-0.04493597298865456,*** (p < 0.001)
idle_men,-0.021075013669003353,0.0055221463272670124,-3.8164533172437087,0.0001444367192159762,-0.03191247918250738,-0.01023754815549933,*** (p < 0.001)
team_9,-0.07457814905095696,0.020636231150330794,-3.6139423186176844,0.00031792778686324207,-0.11507769943702799,-0.034078598664885926,*** (p < 0.001)
team_10,-0.07065340857714401,0.020964889101126913,-3.3700826289296337,0.0007827073350754827,-0.1117979652698941,-0.029508851884393922,*** (p < 0.001)
week_of_year,-0.01650636875144088,0.0049471509636541495,-3.336540338613128,0.0008822541961976728,-0.026215379484091028,-0.0067973580187907275,*** (p < 0.001)
targeted_productivity,0.01856747508610937,0.007502729252395532,2.4747627778492736,0.013511757718058272,0.0038430247164220194,0.03329192545579672,* (p < 0.05)
team_6,-0.055482260385475365,0.024054171995592892,-2.306554571724215,0.021301083930095624,-0.10268967648941434,-0.008274844281536395,* (p < 0.05)
team_2,-0.039042174987967304,0.02030203350907638,-1.9230672124796178,0.054780005999924455,-0.07888584717068373,0.0008014971947491178,. (p < 0.1)
idle_time,0.009538718928826618,0.005354930270904114,1.7812965708732045,0.07519384953597127,-0.0009705774024902428,0.02004801526014348,. (p < 0.1)
overtime_per_worker,-0.021174986770768338,0.017547179261341136,-1.206745908011538,0.22784020744483105,-0.05561213110449588,0.013262157562959204,Not Significant
team_5,-0.02333487890781158,0.021704505679289558,-1.0751168099662238,0.282604307141866,-0.06593096706749774,0.019261209251874578,Not Significant
team_12,-0.02280109890858798,0.02390327499684596,-0.9538901640715169,0.3403897988147486,-0.06971237272960043,0.024110174912424474,Not Significant
quarter_Quarter4,-0.05121599226925011,0.05836421258453079,-0.8775239140778661,0.38043123044526145,-0.16575843711256033,0.06332645257406012,Not Significant
day_of_week_Sunday,-0.01170621465286633,0.01494225854723148,-0.7834300695483061,0.4335762352314971,-0.041031082576028804,0.017618653270296148,Not Significant
team_3,-0.01588466086298112,0.020757596884727583,-0.7652456568644644,0.44432153597308927,-0.05662239707084967,0.024853075344887433,Not Significant
day_of_week_Thursday,-0.011113858021289669,0.015483990720721425,-0.7177644459846237,0.47308475129364896,-0.041501900188633846,0.01927418414605451,Not Significant
log_wip,0.020752782332303654,0.02980566801255882,0.6962696599706918,0.4864358331390275,-0.03774220857332892,0.07924777323793622,Not Significant
quarter_Quarter3,-0.026748158969799166,0.03907719705977983,-0.6844953318652859,0.4938348283866916,-0.10343895099184972,0.049942633052251384,Not Significant
team_4,-0.012100663612824816,0.021068585982971604,-0.5743462623739919,0.5658739091983784,-0.053448730193623444,0.02924740296797381,Not Significant
day_of_month,0.012291219057280957,0.023060309737885018,0.5330032075453055,0.59416008203714,-0.032965696769275285,0.0575481348838372,Not Significant
no_of_style_change,0.006443446209728957,0.01325535246136722,0.48610146191950815,0.6270109903922396,-0.01957079112767686,0.032457683547134776,Not Significant
smv_per_worker,0.0025177647152234564,0.006330554569174124,0.39771629605459996,0.6909315863823232,-0.009906239061354218,0.014941768491801129,Not Significant
day_of_week_Saturday,-0.005605995797545213,0.01585405797206563,-0.3536000566809335,0.7237196447377762,-0.036720311923679055,0.025508320328588633,Not Significant
day_of_week_Tuesday,0.004894719097550064,0.014801711941386802,0.3306860123296973,0.7409569642704288,-0.024154319663614168,0.0339437578587143,Not Significant
has_style_change,0.003878518122577071,0.013605166134559527,0.28507686596527104,0.7756494152519217,-0.022822244597297207,0.03057928084245135,Not Significant
day_of_week_Wednesday,-0.004229754475811809,0.015719185191684984,-0.2690822981110517,0.7879266847801186,-0.035079376582725585,0.026619867631101968,Not Significant
quarter_Quarter2,-0.004762493116208889,0.021553883685552607,-0.22095753998158343,0.8251745215654945,-0.04706297870291736,0.03753799247049958,Not Significant
quarter_Quarter5,0.003574442002022629,0.07448772774486823,0.04798699208902755,0.961737024382431,-0.14261114106162098,0.1497600250656662,Not Significant
overtime_fatigue_penalty,0.0005701559639595989,0.017047037917932016,0.033446043043046436,0.9733261478617031,-0.03288543803773311,0.0340257499656523,Not Significant
